,ID,Experimental ddG,Mutations,PDBFileID
1,1,2.2,I Y61A,1TM1
2,2,4.69,I Y61G,1TM1
3,3,3.08,I R65A,1TM1
4,4,2.93,I R67A,1TM1
5,5,3.24,I R67C,1TM1
6,6,5.07,I R67A;I R65A,1TM1
7,7,1.99,I K15A,1CBW
8,8,0.56,A Y434F,1A4Y
9,9,0.25,A Y437F,1A4Y
10,10,6.81,A Y434A;A D435A,1A4Y
11,11,6.64,A Y434A;A Y437A,1A4Y
12,12,6.97,B R5A;A Y434A,1A4Y
13,13,6.76,B R5A;A D435A,1A4Y
14,14,10.1,A D435A;B R5A;A Y434A,1A4Y
15,15,8.53,A Y434A;B R5A;A Y437A,1A4Y
16,16,3.23,B K40G,1A4Y
17,17,6.66,B K40G;A Y434F,1A4Y
18,18,4.11,A D435A;B K40G,1A4Y
19,19,6.45,B K40G;A Y437A,1A4Y
20,20,6.2,B K40G;A Y434A;A D435A,1A4Y
21,21,9.12,B K40G;A Y437A;A Y434A,1A4Y
22,22,0.12,I Y430F,1DFJ
23,23,2.15,I Y433F,1DFJ
24,24,7.17,I Y430A;I D431A,1DFJ
25,25,7.24,I Y430A;I Y433A,1DFJ
26,26,0.24,C T25A,1FCC
27,27,1.26,C K28A,1FCC
28,28,3.48,C K31A,1FCC
29,29,2.36,C N35A,1FCC
30,30,0.27,C D40A,1FCC
31,31,0.39,C E42A,1FCC
32,32,3.77,C W43A,1FCC
33,33,1.95,C Y45A;C T44A,1FCC
34,34,1.38,B K6A,1XD3
35,35,-0.06,B K27A,1XD3
36,36,-0.88,B R42L,1XD3
37,37,0.89,B R54L,1XD3
38,38,0,B H68N,1XD3
39,39,1.33,B R72L,1XD3
40,40,2.43,B R74L,1XD3
41,41,-0.25,B E24A,1XD3
42,42,-0.42,B D39A,1XD3
43,43,1.57,B E51A,1XD3
44,44,-0.25,B D52A,1XD3
45,45,-0.25,B D58A,1XD3
46,46,0.31,B K6R,1XD3
47,47,2.74,B L8A,1XD3
48,48,1.43,B K11R,1XD3
49,49,0.27,B K27R,1XD3
50,50,0,B K33R,1XD3
51,51,0.27,B I44A,1XD3
52,52,1.24,A S235A,1JTG
53,53,0.79,A S130A,1JTG
54,54,1.27,A R243A,1JTG
55,55,1.03,A K234A,1JTG
56,56,1.85,A R243A;A S130A,1JTG
57,57,1.98,A S130A;A K234A,1JTG
58,58,1.69,A S130A;A R243A;A S235A,1JTG
59,59,1.85,A S130A;A K234A;A S235A,1JTG
60,60,2.73,A R243A;A K234A,1JTG
61,61,2.72,A K234A;A S235A;A R243A,1JTG
62,62,2.51,A S130A;A R243A;A K234A,1JTG
63,63,2.79,A S130A;A R243A;A S235A;A K234A,1JTG
64,64,3.29,C Y20A,1DQJ
65,65,1.17,C R21A,1DQJ
66,66,1.35,C W63A,1DQJ
67,67,3.52,C K97A,1DQJ
68,68,1.45,C D101A,1DQJ
69,69,-0.29,E R137A,2I9B
70,70,0.67,E K139A,2I9B
71,71,0.36,E R142A,2I9B
72,72,0.66,E H143A,2I9B
73,73,0.42,E R145A,2I9B
74,74,0.2,B T32K,1JTG
75,75,-0.48,B V93K,1JTG
76,76,-0.02,B T140K,1JTG
77,77,-0.46,B N89K,1JTG
78,78,-1.34,B D163A,1JTG
79,79,-1.99,B D163K,1JTG
80,80,-0.4,B T140K;B Q157K,1JTG
81,81,-2.4,B D163K;B V165K;B N89K,1JTG
82,82,-3.06,B D163K;B D135K;B V134K,1JTG
83,83,-3.36,B D163K;B V165K;B D135K;B N89K,1JTG
84,84,0.69,A D4A,1F47
85,85,0.87,A Y5A,1F47
86,86,0.93,A L6A,1F47
87,87,1.73,A D7A,1F47
88,88,2.52,A I8A,1F47
89,89,-0.06,A P9A,1F47
90,90,2.44,A F11A,1F47
91,91,2.29,A L12A,1F47
92,92,-0.04,A K14A,1F47
93,93,-0.05,A Q15A,1F47
94,94,0.67,A D30A;B D30A,1REW
95,95,1.09,B W31A;A W31A,1REW
96,96,2.06,B D30A;A W31A;B W31A;A D30A,1REW
97,97,1.36,B F49A;A F49A,1REW
98,98,1.29,B P50A;A P50A,1REW
99,99,2.88,B P50A;A F49A;B F49A;A P50A,1REW
100,100,0.2,B H39D;A H39D,1REW
101,101,0.2,A S88A;B S88A,1REW
102,102,0.23,B L100A;A L100A,1REW
103,103,0.18,A S88A;B S88A;A H39D;B H39D,1REW
104,104,0.12,B L100A;A H39D;B H39D;A L100A,1REW
105,105,0,B A34D;A A34D,1REW
106,106,-0.05,A D53A;B D53A,1REW
107,107,0.27,B E109R;A E109R,1REW
108,108,0.48,B A34D;A D30A;B D30A;A A34D,1REW
109,109,-0.18,A D53A;B D53A;A A34D;B A34D,1REW
110,110,0.04,B E109R;A D53A;B D53A;A E109R,1REW
111,111,0.94,I V428A;I Q426A,1DFJ
112,112,1.98,I E436A;I W434A;I T435A,1DFJ
113,113,0.85,I R453A,1DFJ
114,114,0.33,I I455A,1DFJ
115,115,0.06,A Q430A;A V432A,1A4Y
116,116,1.83,A S439A;A E440A;A W438A,1A4Y
117,117,-0.22,A R457A,1A4Y
118,118,0.67,A I459A,1A4Y
119,119,1.02,I E202A,1DFJ
120,120,1.33,I W257A,1DFJ
121,121,2.22,I W259A,1DFJ
122,122,1.32,I E283A,1DFJ
123,123,0.8,I S285A,1DFJ
124,124,0.99,I W314A,1DFJ
125,125,1.3,I K316A,1DFJ
126,126,1.57,I E340A,1DFJ
127,127,1.31,I E397A,1DFJ
128,128,0.17,B H84A,1A4Y
129,129,0.23,B W89A,1A4Y
130,130,0.09,A W261A,1A4Y
131,131,1.16,A W263A,1A4Y
132,132,0.09,A E287A,1A4Y
133,133,0.03,A S289A,1A4Y
134,134,1.48,A W318A,1A4Y
135,135,-0.31,A K320A,1A4Y
136,136,0.16,A E344A,1A4Y
137,137,1.03,A W375A,1A4Y
138,138,0.86,A E401A,1A4Y
139,139,0.54,L E27A,1JRH
140,140,0.43,L D28A,1JRH
141,141,1.11,L Y30A,1JRH
142,142,0.58,L Y91A,1JRH
143,143,2.82,L W92A,1JRH
144,144,-0.65,L S93A,1JRH
145,145,0.39,L T94A,1JRH
146,146,1.67,L W96A,1JRH
147,147,1.43,H Y32A,1JRH
148,148,2.69,H W52A,1JRH
149,149,2.42,H W53A,1JRH
150,150,1.89,H D54A,1JRH
151,151,1.67,H D55A,1JRH
152,152,1.85,H D56A,1JRH
153,153,1.26,H Y58A,1JRH
154,154,0.54,H R95A,1JRH
155,155,0,H F98A,1JRH
156,156,1.06,H Y99A,1JRH
157,157,1.7,H H100bA,1JRH
158,158,-3.44,I I57R;I E55P,1JRH
159,159,-3.38,I E55G;I S54G;I I57R,1JRH
160,160,-3.46,I I57L;I E55P,1JRH
161,161,-3.88,I E55P;I S54G;I I57K,1JRH
162,162,-3.79,I E55P,1JRH
163,163,0.47,A K223V,1HE8
164,164,1.87,A K223V;A R226A,1HE8
165,165,1.5,A K234A;A K223V,1HE8
166,166,1.02,A K223V;A D238A,1HE8
167,167,1.93,A K223V;A K254A,1HE8
168,168,1.65,A K256A;A K223V,1HE8
169,169,0.93,A K223V;A D260A,1HE8
170,170,-0.1,A E267K;A K223V,1HE8
171,171,0.45,A K223V;A E919A,1HE8
172,172,-0.45,A K223V;A E919K,1HE8
173,173,-0.91,A D34A,2PCC
174,174,2.09,A V197A,2PCC
175,175,6.19,A E290A,2PCC
176,176,0.89,B K87A,2PCC
177,177,0.2,B K87A;A D34A,2PCC
178,178,1.5,A V197A;B K87A,2PCC
179,179,0.29,B K72A,2PCC
180,180,2.79,A V197A;B K72A,2PCC
181,181,1.09,A E290A;B K72A,2PCC
182,182,1.9,B A81G,2PCC
183,183,-0.1,A D34A;B A81G,2PCC
184,184,2.1,B A81G;A V197A,2PCC
185,185,2.06,A D7S,1F47
186,186,1.14,A D7G,1F47
187,187,0.66,A V43A,1S1Q
188,188,0.2,A F44A,1S1Q
189,189,1.21,A N45A,1S1Q
190,190,0.95,A D46A,1S1Q
191,191,0.28,A W75A,1S1Q
192,192,0.76,A F88A,1S1Q
193,193,0.76,C W62A,1DQJ
194,194,1.45,C L75A,1DQJ
195,195,0.84,C T89A,1DQJ
196,196,0.65,C N93A,1DQJ
197,197,6.16,C K96A,1DQJ
198,198,0.78,C S100A,1DQJ
199,199,2.01,A N31A,1DQJ
200,200,4.09,A N32A,1DQJ
201,201,2.68,A Y50A,1DQJ
202,202,1.43,A S91A,1DQJ
203,203,1.14,A Y96A,1DQJ
204,204,2.01,B D32A,1DQJ
205,205,5.52,B Y33A,1DQJ
206,206,6.89,B Y50A,1DQJ
207,207,1.18,B Y53A,1DQJ
208,208,4.93,B W98A,1DQJ
209,209,5.8,C K96A;A N32A,1DQJ
210,210,3.17,C R21A;A S91A,1DQJ
211,211,3.57,A S91A;C Y20A,1DQJ
212,212,3.49,C R21A;A Y96A,1DQJ
213,213,0.91,C S100A;A Y96A,1DQJ
214,214,2.49,C K97A;B D32A,1DQJ
215,215,1.29,B Y53A;C W62A,1DQJ
216,216,2.2,C W63A;B Y53A,1DQJ
217,217,1.22,C L75A;B Y53A,1DQJ
218,218,2.73,B Y53A;C D101A,1DQJ
219,219,5.36,C S100A;B W98A,1DQJ
220,220,6.66,C K97A;B W98A,1DQJ
221,221,5.11,B W98A;C Y20A,1DQJ
222,222,-0.79,A P417S,1KAC
223,223,-1.25,A S489Y,1KAC
224,226,2.31,B R5A,1A4Y
225,227,0.9,B R32A,1A4Y
226,228,0.2,B R66A,1A4Y
227,229,-0.25,B R70A,1A4Y
228,230,0.25,B R31A,1A4Y
229,231,0.33,B R33A,1A4Y
230,232,0.67,B W28F;A W28F,1REW
231,233,2.35,A D53P;B D53P,1REW
232,234,1.67,B S69R;A S69R,1REW
233,235,1.21,B Y103A;A Y103A,1REW
234,236,2.66,C Q86A,1REW
235,237,1.1,A R20A,1LFD
236,238,-0.1,A S22K,1LFD
237,239,0,A L23K,1LFD
238,240,0.4,A N27K,1LFD
239,241,-0.9,A M30K,1LFD
240,242,1.3,A K32A,1LFD
241,243,0.2,A K48A,1LFD
242,244,-0.6,A D51A,1LFD
243,245,-1.1,A D51K,1LFD
244,246,1.2,A K52A,1LFD
245,247,-0.9,A N54K,1LFD
246,248,-0.6,A L55K,1LFD
247,249,-0.3,A D56A,1LFD
248,250,-0.2,A E57A,1LFD
249,251,-0.3,A E57K,1LFD
250,252,-0.9,A D58K,1LFD
251,253,-0.6,A N92K,1LFD
252,254,0.1,A Y93K,1LFD
253,255,-1.1,A D94K,1LFD
254,256,-1,A M30K;A D58K,1LFD
255,257,-0.9,A D94K;A M30K,1LFD
256,258,-2,A D58K;A D51K;A M30K,1LFD
257,259,-1.7,A D58K;A M30K;A D51K;A D94K,1LFD
258,260,-1.6,A D51K;A E57K;A D56K,1LFD
259,261,-0.6,A D58K;A D94K,1LFD
260,262,2.23,I M59G,1TM1
261,263,1.03,I M59A,1TM1
262,264,1.09,I M59K,1TM1
263,265,0.06,I M59Y,1TM1
264,266,1.03,I M59F,1TM1
265,267,3.56,B K74A,1JTG
266,268,2.1,B F142A,1JTG
267,269,0.38,B Y143A,1JTG
268,270,4.85,B F142A;B K74A,1JTG
269,271,3.06,B Y143A;B K74A,1JTG
270,272,2.84,B Y143A;B F142A,1JTG
271,273,3.89,B F142A;B Y143A;B K74A,1JTG
272,274,1.55,A E104A,1JTG
273,275,1.58,B K74A;A E104A,1JTG
274,276,2.75,B F142A;A E104A,1JTG
275,277,1.86,A E104A;B Y143A,1JTG
276,278,3.13,B F142A;A E104A;B K74A,1JTG
277,279,1.05,B Y143A;B K74A;A E104A,1JTG
278,280,2.89,B Y143A;B F142A;A E104A,1JTG
279,281,2.39,B Y143A;A E104A;B K74A;B F142A,1JTG
280,282,-0.17,A Y105A,1JTG
281,283,3.32,B K74A;A Y105A,1JTG
282,284,0.69,B F142A;A Y105A,1JTG
283,285,1.07,B Y143A;A Y105A,1JTG
284,286,4.78,A Y105A;B K74A;B F142A,1JTG
285,287,3.39,B K74A;A Y105A;B Y143A,1JTG
286,288,2.99,B F142A;A Y105A;B Y143A,1JTG
287,289,4.23,A Y105A;B K74A;B F142A;B Y143A,1JTG
288,290,1.03,A E104A;A Y105A,1JTG
289,291,1.39,A E104A;B K74A;A Y105A,1JTG
290,292,1.5,B F142A;A Y105A;A E104A,1JTG
291,293,2.05,A Y105A;A E104A;B Y143A,1JTG
292,294,3.13,A Y105A;B K74A;A E104A;B F142A,1JTG
293,295,1.77,B K74A;A Y105A;B Y143A;A E104A,1JTG
294,296,2.84,B F142A;A Y105A;B Y143A;A E104A,1JTG
295,297,2.41,B F142A;B Y143A;A Y105A;B K74A;A E104A,1JTG
296,298,6.62,B K74A;A R243A,1JTG
297,299,3.39,A R243A;B F142A,1JTG
298,300,2.27,B Y143A;A R243A,1JTG
299,301,5.49,B K74A;B F142A;A R243A,1JTG
300,302,4.37,B K74A;A R243A;B Y143A,1JTG
301,303,6.55,B K74A;A K234A,1JTG
302,304,5.83,A K234A;B K74A;B F142A,1JTG
303,305,4.87,B Y143A;B K74A;A K234A,1JTG
304,306,5.47,B Y143A;A K234A;B K74A;B F142A,1JTG
305,307,5.06,B Y143A;A S130A;B K74A;B F142A,1JTG
306,308,2.57,I T58A,1TM1
307,309,3.75,I T58P,1TM1
308,310,2.92,I E60A,1TM1
309,311,2.75,I E60S,1TM1
310,312,3.55,I M59R;I E60S,1TM1
311,313,1.26,I R62A,1TM1
312,314,2.41,B G99D,2A9K
313,315,1.58,A H374A,2B42
314,316,0.98,A H374Q,2B42
315,317,2.54,A H374K,2B42
316,318,1.82,B L27A,1KTZ
317,319,2.98,B F30A,1KTZ
318,320,1.52,B D32A,1KTZ
319,321,2,B D32N,1KTZ
320,322,0.33,B S49A,1KTZ
321,323,1.9,B I50A,1KTZ
322,324,1.51,B T51A,1KTZ
323,325,0.22,B S52A,1KTZ
324,326,4.04,B S52L,1KTZ
325,327,1.37,B I53A,1KTZ
326,328,1.22,B E55A,1KTZ
327,329,0.41,B V77A,1KTZ
328,330,0.81,B D118A,1KTZ
329,331,1.49,B E119A,1KTZ
330,332,1.63,B E119Q,1KTZ
331,333,0.28,B N47A,1KTZ
332,334,0.65,B V62A,1KTZ
333,335,1.08,B E75A,1KTZ
334,336,0.3,B H79A,1KTZ
335,337,0.93,B F110A,1KTZ
336,338,0.87,B M112A,1KTZ
337,339,0.54,B I125A,1KTZ
338,340,0.07,N A30V,2I26
339,341,-0.62,N S61R,2I26
340,342,0.95,A S299A,2J12
341,343,0.05,C R515A,2J1K
342,344,0.18,C G370D,2J1K
343,345,0.76,C R384A,2J1K
344,346,0.43,A Q99A,1JTG
345,347,-0.45,A N100A,1JTG
346,348,1.91,A V103A,1JTG
347,349,-0.38,A P107A,1JTG
348,350,4.06,A E110A,1JTG
349,351,0.74,A M129A,1JTG
350,352,-0.07,A E168A,1JTG
351,353,-0.41,A V216A,1JTG
352,354,3.2,B F36A,1JTG
353,355,3.25,B H41A,1JTG
354,356,2.08,B Y53A,1JTG
355,357,0.36,B S71A,1JTG
356,358,3.01,B W112A,1JTG
357,359,-0.17,B S113A,1JTG
358,360,2.75,B H148A,1JTG
359,361,4.25,B W150A,1JTG
360,362,2.22,B R160A,1JTG
361,363,2.34,B W162A,1JTG
362,364,3.2,B H148A;A Q99A,1JTG
363,365,3.82,B W150A;A Q99A,1JTG
364,366,3.75,A Q99A;B R160A,1JTG
365,367,2.1,B H148A;A N100A,1JTG
366,368,4.35,B W150A;A N100A,1JTG
367,369,1.58,B R160A;A N100A,1JTG
368,370,2.08,A E168A;B W162A,1JTG
369,371,4.23,A V103A;B W162A,1JTG
370,372,3.61,B Y53A;A M129A,1JTG
371,373,3.63,B F36A;A M129A,1JTG
372,374,2.65,B H41A;A P107A,1JTG
373,375,2.39,A P107A;B Y53A,1JTG
374,376,5.04,B S113A;A E110A;B S71A,1JTG
375,377,4.57,A E110A;B S113A,1JTG
376,378,5.02,B S71A;A E110A,1JTG
377,379,1.86,A E104A;B S113A,1JTG
378,380,3.54,A Q99A;B W112A,1JTG
379,381,2.89,B W162A;A Q99A,1JTG
380,382,4.11,B K74A;A Q99A,1JTG
381,383,2.82,A Q99A;B F142A,1JTG
382,384,2.8,B W112A;A N100A,1JTG
383,385,2.1,A N100A;B W162A,1JTG
384,386,3.51,B K74A;A N100A,1JTG
385,387,2.29,A N100A;B F142A,1JTG
386,388,4.35,B R160A;A V103A,1JTG
387,389,4.52,B F142A;A V103A,1JTG
388,390,2.8,B W112A;A E168A,1JTG
389,391,4.11,B W150A;A E168A,1JTG
390,392,2.32,B R160A;A E168A,1JTG
391,393,4.06,B K74A;A E168A,1JTG
392,394,2.58,A E168A;B F142A,1JTG
393,395,3.97,B Y50A;A E110A,1JTG
394,396,1.67,B S113A;A M129A;B S71A,1JTG
395,397,0,P F2Y,2JEL
396,398,2.62,P F2W,2JEL
397,399,4.09,P Q3K,2JEL
398,400,1.36,P Q4K,2JEL
399,401,0.41,P E5D,2JEL
400,402,0.71,P E5Q,2JEL
401,403,0,P V6F,2JEL
402,404,0.41,P T7N,2JEL
403,405,0,P T7S,2JEL
404,406,0,P P11E,2JEL
405,407,0,P N12D,2JEL
406,408,0,P R17G,2JEL
407,409,0,P R17K,2JEL
408,410,0,P K24E,2JEL
409,411,0,P K27E,2JEL
410,412,0,P T34Q,2JEL
411,413,0.41,P T36Q,2JEL
412,414,0,P N38T,2JEL
413,415,1.5,P S41C,2JEL
414,416,0,P S43C,2JEL
415,417,0,P S46C,2JEL
416,418,-0.41,P Q57E,2JEL
417,419,0,P T62N,2JEL
418,420,0,P T62A,2JEL
419,421,4.09,P S64T,2JEL
420,422,4.09,P E66K,2JEL
421,423,0.41,P E68A,2JEL
422,424,0.95,P D69E,2JEL
423,425,4.09,P E70K,2JEL
424,426,2.73,P E70A,2JEL
425,427,2.73,P Q71E,2JEL
426,428,0,P K72R,2JEL
427,429,0.41,P K72E,2JEL
428,430,2.73,P E75R,2JEL
429,431,-0.65,P H76D,2JEL
430,432,-0.41,P H76A,2JEL
431,433,0.41,P K79E,2JEL
432,434,0,P A82S,2JEL
433,435,0,P E83A,2JEL
434,436,0,P E85Q,2JEL
435,437,0,P E85D,2JEL
436,438,0,P E85A,2JEL
437,439,0,P E85K,2JEL
438,440,1.52,A H62Q,1UUZ
439,441,1.52,A H62N,1UUZ
440,442,3.38,A H62D,1UUZ
441,443,1.77,A H62A,1UUZ
442,444,0.65,A C64A,1UUZ
443,445,-0.52,A Q38A,1EAW
444,446,-0.82,A I41A,1EAW
445,447,-0.19,A I60A,1EAW
446,448,-0.17,A D60aA,1EAW
447,449,1.5,A D60bA,1EAW
448,450,0.59,A R60cA,1EAW
449,451,-0.43,A F60eA,1EAW
450,452,0.23,A R60fA,1EAW
451,453,-0.08,A Y60gA,1EAW
452,454,-0.15,A R87A,1EAW
453,455,0.73,A F94A,1EAW
454,456,0.31,A N95A,1EAW
455,457,0.65,A D96A,1EAW
456,458,0.89,A F97A,1EAW
457,459,0.25,A T98A,1EAW
458,460,-0.01,A H143A,1EAW
459,461,0.31,A Q145A,1EAW
460,462,0.5,A Y146A,1EAW
461,463,0.09,A T150A,1EAW
462,464,0.5,A L153A,1EAW
463,465,0.7,A E169A,1EAW
464,466,0.56,A Q174A,1EAW
465,467,-0.13,A Q175A,1EAW
466,468,2.23,A D217A,1EAW
467,469,0.14,A Q221aA,1EAW
468,470,-0.09,A R222A,1EAW
469,471,0.48,A K224A,1EAW
470,472,-0.42,B Q38A,3BN9
471,473,0,B I41A,3BN9
472,474,0.84,B I60A,3BN9
473,475,0.42,B D60aA,3BN9
474,476,0.31,B D60bA,3BN9
475,477,-0.04,B R60cA,3BN9
476,478,-0.04,B F60eA,3BN9
477,479,-0.07,B R60fA,3BN9
478,480,0.02,B Y60gA,3BN9
479,481,-0.16,B R87A,3BN9
480,482,0.64,B F94A,3BN9
481,483,0.77,B N95A,3BN9
482,484,1.13,B T98A,3BN9
483,485,0.09,B H143A,3BN9
484,486,0.13,B Q145A,3BN9
485,487,1.08,B Y146A,3BN9
486,488,0.29,B T150A,3BN9
487,489,0.34,B L153A,3BN9
488,490,0.37,B E169A,3BN9
489,491,-0.03,B Q174A,3BN9
490,492,2.51,B Q175A,3BN9
491,493,0.57,B D217A,3BN9
492,494,0.71,B Q221aA,3BN9
493,495,-0.09,B R222A,3BN9
494,496,0.78,B K224A,3BN9
495,497,0.03,A Q38A,3NPS
496,498,0.64,A I41A,3NPS
497,499,-0.33,A I60A,3NPS
498,500,0.34,A D60aA,3NPS
499,501,1.07,A D60bA,3NPS
500,502,-1.06,A R60cA,3NPS
501,503,0.22,A F60eA,3NPS
502,504,0.14,A R60fA,3NPS
503,505,0.45,A Y60gA,3NPS
504,506,-0.15,A R87A,3NPS
505,507,1.59,A F94A,3NPS
506,508,0.25,A N95A,3NPS
507,509,1.51,A D96A,3NPS
508,510,0.46,A F97A,3NPS
509,511,0.72,A T98A,3NPS
510,512,1.88,A H143A,3NPS
511,513,0.3,A Q145A,3NPS
512,514,1.77,A Y146A,3NPS
513,515,0.17,A T150A,3NPS
514,516,0.3,A L153A,3NPS
515,517,0.62,A E169A,3NPS
516,518,-0.06,A Q174A,3NPS
517,519,0.74,A Q175A,3NPS
518,520,1.47,A D217A,3NPS
519,521,-0.04,A Q221aA,3NPS
520,522,-0.08,A R222A,3NPS
521,523,-0.1,A K224A,3NPS
522,524,0.73,C Q94H;C K88R;C T98D;C L95Q;C A93P;C S90T;C K92I,1REW
523,525,-0.73,C S98T;C P93A;C R88K;C I92K;C T90S;C Q95L;C H94Q,2QJ9
524,526,0.27,C T98D;C M78L;C K88R;C A74T;C S90T;C L95Q;C K79G;C Y80L;C Q94H;C K92I;C A93P,1REW
525,527,-0.46,C K79G;C Y80L;C A74T;C M78L,2QJ9
526,528,0.46,C L78M;C T74A;C G79K;C L80Y,2QJA
527,529,-0.27,C T74A;C Q95L;C L78M;C G79K;C S98T;C P93A;C I92K;C T90S;C R88K;C L80Y;C H94Q,2QJA
528,530,0.36,C K79G;C D46E;C Y80L;C I62M;C A74T;C M78L;C G42H;C A61T,2QJ9
529,531,0.81,C D46E;C I62M;C A61T;C G42H,2QJA
530,532,-0.81,C M62I;C H42G;C T61A;C E46D,2QJB
531,533,-0.36,C T74A;C L80Y;C G79K;C T61A;C L78M;C E46D;C M62I;C H42G,2QJB
532,534,-1.09,C L78M;C H42G;C T74A;C R88K;C M62I;C I92K;C G79K;C T61A;C Q95L;C L80Y;C H94Q;C E46D;C T90S;C S98T;C P93A,2QJB
533,535,0,E A99S,2VLR
534,536,1.57,E D32A,2VLJ
535,537,0.2,E I53V,2VLJ
536,538,1.42,E I53L,2VLJ
537,539,1.1,E N55A,2VLJ
538,540,0.5,E N55D,2VLJ
539,541,0.1,E D56A,2VLJ
540,542,0.5,E Q58A,2VLJ
541,543,0,E Q58E,2VLJ
542,544,0,E S99A,2VLJ
543,545,0.2,E Y101A,2VLJ
544,546,0.5,E Y101F,2VLJ
545,547,0.63,D S31A,2VLJ
546,548,1,D S32A,2VLJ
547,549,1,D Q34A,2VLJ
548,550,-0.3,B F86A;A D33A,2WPT
549,551,1.2,B F86A;A N34A,2WPT
550,552,2.9,A V37A;B F86A,2WPT
551,553,1.1,B R54A,2WPT
552,554,0.9,B N72A,2WPT
553,555,-0.9,B S74A,2WPT
554,556,1.2,B N75A,2WPT
555,557,-0.6,B S77A,2WPT
556,558,-0.2,B S78A,2WPT
557,559,-0.1,B S84A,2WPT
558,560,1.2,B F86A,2WPT
559,561,0.5,B T87A,2WPT
560,562,-0.5,B Q92A,2WPT
561,563,0.5,B K97A,2WPT
562,564,0.1,B V98A,2WPT
563,569,1.7,B R54A,1EMV
564,570,1.1,B N72A,1EMV
565,571,-0.2,B S74A,1EMV
566,572,2.3,B N75A,1EMV
567,573,-0.2,B S77A,1EMV
568,574,-0.5,B S78A,1EMV
569,575,-0.1,B S84A,1EMV
570,576,3.9,B F86A,1EMV
571,577,0.2,B T87A,1EMV
572,578,-0.3,B Q92A,1EMV
573,579,2,B K97A,1EMV
574,580,1.1,B V98A,1EMV
575,581,6.9,B F86A;A L33A,1EMV
576,582,4.8,A V34A;B F86A,1EMV
577,583,4.3,B F86A;A V37A,1EMV
578,584,8.9,B F86A;A Y54A,1EMV
579,585,8.4,A Y55A;B F86A,1EMV
580,586,0.04,C L1A,3BK3
581,587,0.08,C L1R,3BK3
582,588,1.04,C I2A,3BK3
583,589,0.65,C I2R,3BK3
584,590,0.54,C T3P,3BK3
585,591,1.79,C T5P,3BK3
586,592,0.54,C I18A,3BK3
587,593,0.47,C I18R,3BK3
588,594,1.31,C I21A,3BK3
589,595,2.12,C I21R,3BK3
590,596,1.26,C I27A,3BK3
591,597,1.17,C I27R,3BK3
592,598,1.38,C A36R,3BK3
593,599,-0.18,A K935E,2OOB
594,600,0.16,A A934S;A K935E,2OOB
595,601,0.24,A G941S,2OOB
596,602,0.28,A I955E;A I966E,2OOB
597,603,0.22,A V92I,1KTZ
598,604,1.12,A R25K,1KTZ
599,605,2.2,A R94K,1KTZ
600,606,1.48,A R25A,1KTZ
601,607,2.88,A R94A,1KTZ
602,608,0.05,B F296S,1A22
603,609,0.24,B K234A;B K237A,1A22
604,610,0.96,B E275A;B R271A;B R270A,1A22
605,611,0.21,B D319A;B K321A;B E320A,1A22
606,612,0.31,B D352A;B R356A;B E358A,1A22
607,613,-0.06,B K367A;B D364A;B R361A,1A22
608,614,0.12,B E383A;B K387A;B D390A;B K385A,1A22
609,615,1.12,B D405A;B E409A;B K406A;B E407A;B K403A,1A22
610,616,0.27,B R239A,1A22
611,617,1.23,B E242A,1A22
612,618,2.12,B R243A,1A22
613,619,0.65,B E244A,1A22
614,620,0.69,B R270A,1A22
615,621,0.6,B R271A,1A22
616,622,-0.09,B E275A,1A22
617,623,-0.08,B E279A,1A22
618,624,0.14,B K281A,1A22
619,625,0.78,B E282A,1A22
620,626,0.18,B E291A,1A22
621,627,0.04,B K310A,1A22
622,628,0.98,B D326A,1A22
623,629,0.41,B E327A,1A22
624,630,1.09,B D332A,1A22
625,631,0.08,B E373A,1A22
626,632,-0.08,B E375A,1A22
627,633,0,B K379A,1A22
628,634,0.2,B E380A,1A22
629,635,0.24,B K403A,1A22
630,636,-0.05,B D405A,1A22
631,637,0.2,B K406A,1A22
632,638,-0.08,B E407A,1A22
633,639,-0.06,B E409A,1A22
634,640,0.06,B R411A,1A22
635,641,-0.19,B R413A,1A22
636,642,0.5,B K415A,1A22
637,643,0.2,B R417A,1A22
638,644,0.11,B E424A,1A22
639,645,0.56,B W276A,1A22
640,646,-0.02,B W280A,1A22
641,647,2.78,B W304F,1A22
642,648,0.2,B Y295A,1A22
643,649,0.26,B P241A,1A22
644,650,-0.01,B S247A,1A22
645,651,0.07,B T251A,1A22
646,652,0.27,B N272A,1A22
647,653,-0.44,B T273A,1A22
648,654,0,B Q274A,1A22
649,655,0.2,B T277A,1A22
650,656,-0.41,B Q278A,1A22
651,657,-0.26,B N297A,1A22
652,658,-0.33,B S298A,1A22
653,659,-0.51,B S299A,1A22
654,660,-0.01,B F300A,1A22
655,661,1.09,B T301A,1A22
656,662,-0.18,B S302A,1A22
657,663,0.43,B I303A,1A22
658,664,0.13,B I305A,1A22
659,665,2.63,B P306A,1A22
660,666,1.14,B V325A,1A22
661,667,0.59,B I328A,1A22
662,668,-0.05,B V329A,1A22
663,669,-0.03,B Q330A,1A22
664,670,0.06,C K1A,1GC1
665,671,-0.02,C K2A,1GC1
666,672,1,C K7A,1GC1
667,673,0.11,C K8A,1GC1
668,674,0,C D10A,1GC1
669,675,0,C T11A,1GC1
670,676,0.32,C T15A,1GC1
671,677,-0.13,C T17A,1GC1
672,678,0,C S19A,1GC1
673,679,-0.02,C Q20A,1GC1
674,680,-0.13,C K21A,1GC1
675,681,0.24,C K22A,1GC1
676,682,0.29,C S23A,1GC1
677,683,0.03,C Q25A,1GC1
678,684,0.28,C H27A,1GC1
679,685,0.54,C K29A,1GC1
680,686,0.17,C N30A,1GC1
681,687,0.11,C S31A,1GC1
682,688,0.18,C N32A,1GC1
683,689,0.11,C Q33A,1GC1
684,690,0.32,C K35A,1GC1
685,691,0.47,C N39A,1GC1
686,692,-0.41,C Q40A,1GC1
687,693,0,C S42A,1GC1
688,694,1.06,C L44A,1GC1
689,695,-0.15,C T45A,1GC1
690,696,1.43,C K46A,1GC1
691,697,0.61,C S49A,1GC1
692,698,0.05,C K50A,1GC1
693,699,1.23,C L51A,1GC1
694,700,0.71,C N52A,1GC1
695,701,0.3,C D53A,1GC1
696,702,-0.07,C D56A,1GC1
697,703,0.13,C R58A,1GC1
698,704,1.18,C R59A,1GC1
699,705,-0.09,C S60A,1GC1
700,706,-0.32,C D63A,1GC1
701,707,0.44,C Q64A,1GC1
702,708,-0.03,C N66A,1GC1
703,709,-0.02,C K72A,1GC1
704,710,-0.11,C N73A,1GC1
705,711,0.16,C K75A,1GC1
706,712,0.56,C E77A,1GC1
707,713,1.29,C Y82A,1GC1
708,714,1.32,C E85A,1GC1
709,715,-0.07,C V86A,1GC1
710,716,0.22,C E87A,1GC1
711,717,-0.07,C D88A,1GC1
712,718,0.17,C Q89A,1GC1
713,719,0.05,C K90A,1GC1
714,720,-0.13,C E91A,1GC1
715,721,0.02,C E92A,1GC1
716,722,-0.11,C Q94A,1GC1
717,723,-0.31,C Q89L,1GC1
718,724,-0.5,C Q40A;C D63A,1GC1
719,725,-0.85,C Q89L;C Q40A;C D63A,1GC1
720,726,-0.05,A T3A,1A22
721,727,0.41,A I4A,1A22
722,728,0.43,A P5A,1A22
723,729,0.6,A L6A,1A22
724,730,0.34,A S7A,1A22
725,731,0.2,A R8A,1A22
726,732,-0.04,A L9A,1A22
727,733,1.04,A F10A,1A22
728,734,0.1,A N12A,1A22
729,735,0.15,A L15A,1A22
730,736,0.24,A R16A,1A22
731,737,0.05,A R19A,1A22
732,738,0.87,A F54A,1A22
733,739,0.11,A S55A,1A22
734,740,0.2,A S57A,1A22
735,741,1.64,A I58A,1A22
736,742,0.38,A P59A,1A22
737,743,0.43,A E66A,1A22
738,744,-0.05,A Q69A,1A22
739,745,0.52,A K70A,1A22
740,746,0.41,A S71A,1A22
741,747,-0.2,A L73A,1A22
742,748,0,A V180A,1A22
743,749,0.27,A Q181A,1A22
744,750,1.01,A C182A,1A22
745,751,-0.05,A S184A,1A22
746,752,0.87,A V185A,1A22
747,753,0.34,A G187A,1A22
748,754,-0.2,A S188A,1A22
749,755,0.19,A F191A,1A22
750,756,-0.34,B H13A,1A4Y
751,757,0.62,B H114A,1A4Y
752,758,4.25,B K40Q,1A4Y
753,759,0.1,A M14A,1A22
754,760,-0.5,A H18A,1A22
755,761,0.2,A H21A,1A22
756,762,-0.2,A Q22A,1A22
757,763,-0.41,A F25A,1A22
758,764,-0.2,A D26A,1A22
759,765,-0.6,A Q29A,1A22
760,766,0.2,A Y42A,1A22
761,767,1.2,A L45A,1A22
762,768,0.1,A Q46A,1A22
763,769,0.4,A P48A,1A22
764,770,0.3,A S51A,1A22
765,771,0.4,A E56A,1A22
766,772,1.2,A P61A,1A22
767,773,0.1,A S62A,1A22
768,774,0.3,A N63A,1A22
769,775,1.6,A R64A,1A22
770,776,-0.5,A E65A,1A22
771,777,0.6,A Q68A,1A22
772,778,0.3,A Y164A,1A22
773,779,0.3,A R167A,1A22
774,780,-0.2,A K168A,1A22
775,781,0.8,A D171A,1A22
776,782,2,A K172A,1A22
777,783,-0.9,A E174A,1A22
778,784,2,A T175A,1A22
779,785,1.9,A F176A,1A22
780,786,2.4,A R178A,1A22
781,787,0.8,A I179A,1A22
782,788,0.5,A R183A,1A22
783,789,0,A E186A,1A22
784,790,0,B C308A,1A22
785,791,-0.18,B E320A,1A22
786,792,0.08,B K321A,1A22
787,793,0,B C322A,1A22
788,794,0.2,B S324A,1A22
789,795,1.48,B D364A,1A22
790,796,2.13,B I365A,1A22
791,797,0.02,B Q366A,1A22
792,798,0,B K367A,1A22
793,799,-0.62,B V371A,1A22
794,800,0.2,B T394A,1A22
795,801,-0.1,B T395A,1A22
796,802,0.89,B Q416A,1A22
797,803,0.3,B N418A,1A22
798,804,0,U E208A,1DAN
799,805,1.57,U V207A,1DAN
800,806,0.14,U T203A,1DAN
801,807,0.04,U K201A;U D204A,1DAN
802,808,0.4,U R200A;U N199A,1DAN
803,809,-0.16,U T197A;U V198A,1DAN
804,810,0,U S195A,1DAN
805,811,0.64,U R196A;U S195A,1DAN
806,812,-0.32,U Y185A,1DAN
807,813,-0.09,U E183A;U N184A,1DAN
808,814,0.02,U K181A,1DAN
809,815,0.08,U L176A,1DAN
810,816,-0.02,U N173A;U E174A,1DAN
811,817,-0.02,U T172A,1DAN
812,818,0.12,U K169A,1DAN
813,819,0.21,U T167A,1DAN
814,820,-0.23,U K166A;U K165A,1DAN
815,821,-0.16,U G164R,1DAN
816,822,0.02,U S163A,1DAN
817,823,0.12,U W158F,1DAN
818,824,0.16,U Y156L,1DAN
819,825,0.18,U I152A,1DAN
820,826,-0.1,U K149A;U D150A,1DAN
821,827,-0.01,U D145A,1DAN
822,828,0,U R144A,1DAN
823,829,1.29,U F140A,1DAN
824,830,-0.01,U T139A,1DAN
825,831,0.21,U R136A;U N138A;U N137A,1DAN
826,832,0.52,U R135A,1DAN
827,833,-0.02,U L133A,1DAN
828,834,-0.02,U R131F;U E130A,1DAN
829,835,-0.02,U D129A,1DAN
830,836,0.09,U E128A,1DAN
831,837,-0.12,U K122A,1DAN
832,838,0.03,U Q114A;U E117A,1DAN
833,839,0.41,U N107A;U Q110A,1DAN
834,840,-0.46,U L104A;U E105A,1DAN
835,841,-0.18,U E99A,1DAN
836,842,1.03,U Y94A,1DAN
837,843,-0.07,T K68A,1DAN
838,844,-0.21,T Q69A;T K68A,1DAN
839,845,-0.5,T K65A;T D66A,1DAN
840,846,0.31,T D61A;T E62A,1DAN
841,847,1.38,T D58E,1DAN
842,848,2,T D58A,1DAN
843,849,0.44,T E56A;T D54A,1DAN
844,850,0.4,T T52A,1DAN
845,851,0.44,T F50A,1DAN
846,852,0.42,T K48A,1DAN
847,853,-0.13,T S47A,1DAN
848,854,0.24,T K46A,1DAN
849,855,1.17,T K48A;T K46A,1DAN
850,856,1.28,T W45F,1DAN
851,857,2.39,T D44A,1DAN
852,858,-0.07,T S42A,1DAN
853,859,0.33,T K41A,1DAN
854,860,1.57,T D44A;T K41A,1DAN
855,861,0.76,T Q37A,1DAN
856,862,0.12,T K28A,1DAN
857,863,0.11,T E26A,1DAN
858,864,0.62,T W25F,1DAN
859,865,0.66,T E24A,1DAN
860,866,0.65,T I22A,1DAN
861,867,-0.16,T T21A,1DAN
862,868,1.69,T K20R,1DAN
863,869,2.44,T K20A,1DAN
864,870,0.18,T N18A,1DAN
865,871,0.12,T T17A,1DAN
866,872,-0.39,T K15A,1DAN
867,873,0.69,T W14F,1DAN
868,874,0.41,C Y133W,1FC2
869,875,3.14,C I135W,1FC2
870,876,0,C F149W,1FC2
871,877,0,C L163W,1FC2
872,878,1.54,T S47G;T W45R,1DAN
873,879,1.56,T W45A,1DAN
874,880,-0.19,T V33A,1DAN
875,881,-0.13,T Y51A,1DAN
876,882,1.15,T F76A,1DAN
877,883,0.65,T Y78A,1DAN
878,884,-0.19,U P92A,1DAN
879,885,-0.13,T V36A,1DAN
880,886,-0.13,T I38A,1DAN
881,887,0.07,T G43A,1DAN
882,888,-0.34,T C57S;T C49S,1DAN
883,889,2.31,T T60A,1DAN
884,890,4.5,U F140A;T T60A,1DAN
885,891,3.18,T K20A;T T60A,1DAN
886,892,1.57,T W45A;T D44A,1DAN
887,893,3.3,U F140A;T D44A,1DAN
888,894,4.16,T D44A;T K20A,1DAN
889,895,4.01,T D58A;T D44A,1DAN
890,896,4.32,T T60A;T D44A,1DAN
891,897,5.96,T D44A;U F140A;T K20A,1DAN
892,898,2.1,I T58D,1TM1
893,899,3.39,I E60A;I T58A,1TM1
894,900,0.75,I T58D;I E60A,1TM1
895,901,0.02,I V70A,1TM1
896,902,1.3,U Q110A,1DAN
897,903,-0.13,T S16A,1DAN
898,904,0,T L59A,1DAN
899,905,0.24,T D61A,1DAN
900,906,0,T E62A,1DAN
901,907,0,T I63A,1DAN
902,908,0,T V64A,1DAN
903,909,0,T Q69A,1DAN
904,910,-0.06,T L72A,1DAN
905,911,-0.06,U E105A,1DAN
906,912,-0.06,U T106A,1DAN
907,913,0,U N107A,1DAN
908,914,0,U R131A,1DAN
909,915,0,U T132A,1DAN
910,916,-0.06,U R136A,1DAN
911,917,0,U N138A,1DAN
912,918,0.2,U V146A,1DAN
913,919,-0.06,U F147A,1DAN
914,920,0,U Y157A,1DAN
915,921,0.11,U V179A,1DAN
916,922,0.46,U R196A,1DAN
917,923,0.11,U T197A,1DAN
918,924,0.11,U V198A,1DAN
919,925,0,U N199A,1DAN
920,926,0.82,C L136D,1FC2
921,927,0.58,C N147A,1FC2
922,928,0.06,C F149A,1FC2
923,929,2.18,C I150A,1FC2
924,930,1.23,C K154A,1FC2
925,931,1.65,A H30A,1DVF
926,932,2.03,A Y32A,1DVF
927,933,1.73,A Y49A,1DVF
928,934,0.69,A Y50A,1DVF
929,935,0.34,A W92A,1DVF
930,936,1.16,A S93A,1DVF
931,937,0.91,B T30A,1DVF
932,938,1.83,B Y32A,1DVF
933,939,4.13,B W52A,1DVF
934,940,4.28,B D54A,1DVF
935,941,1.16,B N56A,1DVF
936,942,1.6,B D58A,1DVF
937,943,4.19,B E98A,1DVF
938,944,1.87,B R99A,1DVF
939,945,2.79,B D100A,1DVF
940,946,2.01,B Y101F,1DVF
941,947,0.84,A H30A,1VFB
942,948,1.72,A Y32A,1VFB
943,949,0.8,A Y49A,1VFB
944,950,0.52,A Y50A,1VFB
945,951,2.73,A W92A,1VFB
946,952,0.34,A S93A,1VFB
947,953,-0.06,B T30A,1VFB
948,954,0.65,B Y32A;B Y32A,1VFB
949,955,0.92,B W52A,1VFB
950,956,0.64,B D54A,1VFB
951,957,0.18,B N56A,1VFB
952,958,-0.21,B D58A,1VFB
953,959,1.16,B E98A,1VFB
954,960,-0.1,B R99A,1VFB
955,961,3.07,B D100A,1VFB
956,962,1.75,B Y101F;B Y101F,1VFB
957,963,0.2,A F25A;A Y42A;A Q46A,1A22
958,964,0.29,A Q46A;A Y42A,1A22
959,965,0.22,I T11A,1CBW
960,966,0.68,I G12A,1CBW
961,967,-0.06,I P13A,1CBW
962,968,0.55,I R17A,1CBW
963,969,1.4,I I18A,1CBW
964,970,0.14,I I19A,1CBW
965,971,0.35,I R20A,1CBW
966,972,0.14,I F33A,1CBW
967,973,0.05,I V34A,1CBW
968,974,0.88,I Y35A,1CBW
969,975,0.95,I G36A,1CBW
970,976,0.81,I G37A,1CBW
971,977,0.22,I R39A,1CBW
972,978,0.14,I K46A,1CBW
973,979,1.42,A Y50S,1VFB
974,980,0.75,H R134A,1DAN
975,981,0.74,H M164A,1DAN
976,982,-0.19,H K192A,1DAN
977,983,0.03,H L144A,1DAN
978,984,4.74,D Y98A,1DVF
979,985,1.86,C Y49A,1DVF
980,986,1.63,D Q100A,1DVF
981,987,1.86,D N54A,1DVF
982,988,4.09,D R100bA,1DVF
983,989,1,D K30A,1DVF
984,990,1.86,D H33A,1DVF
985,991,1.68,D D52A,1DVF
986,992,2.68,D I97A,1DVF
987,993,4.63,B E98A;D Y98A,1DVF
988,994,4.49,C Y49A;B D54A,1DVF
989,995,1.46,D Q100A;B D58A,1DVF
990,996,2.03,A Y49A;D N54A,1DVF
991,997,4.65,A Y32A;D R100bA,1DVF
992,998,1.49,D Q100A;B N56A,1DVF
993,999,4.16,D Q100A;B W52A,1DVF
994,1000,4.15,B D100A;D H33A,1DVF
995,1001,4.32,D D52A;B D100A,1DVF
996,1002,2.63,D H33A;A Y49A,1DVF
997,1003,4.09,B D100A;D N54A,1DVF
998,1004,2.3,D N54A;B N56A,1DVF
999,1005,2.53,D H33A;B N56A,1DVF
1000,1006,2.25,I L45G,1CSE
1001,1007,1.17,I L45S,1CSE
1002,1008,6.67,I L45P,1CSE
1003,1009,2.94,I L45I,1CSE
1004,1010,4.35,I L45D,1CSE
1005,1011,2.35,I L45E,1CSE
1006,1012,6.03,I L45G,1ACB
1007,1013,4.95,I L45S,1ACB
1008,1014,6.85,I L45P,1ACB
1009,1015,4.23,I L45I,1ACB
1010,1016,6.77,I L45D,1ACB
1011,1017,6.55,I L45E,1ACB
1012,1018,1.17,A I5A,1IAR
1013,1019,0.8,A I5R,1IAR
1014,1020,-0.1,A T6A,1IAR
1015,1021,1.39,A T6D,1IAR
1016,1022,-0.02,A Q8A,1IAR
1017,1023,0.04,A Q8R,1IAR
1018,1024,3.11,A E9Q,1IAR
1019,1025,0.07,A I11A,1IAR
1020,1026,-0.01,A K12S,1IAR
1021,1027,0.14,A K12E,1IAR
1022,1028,0.98,A T13A,1IAR
1023,1029,-0.22,A T13D,1IAR
1024,1030,-0.03,A N15A,1IAR
1025,1031,-0.08,A N15D,1IAR
1026,1032,-0.18,A S16A,1IAR
1027,1033,-0.1,A S16D,1IAR
1028,1034,-0.32,A E19A,1IAR
1029,1035,-0.12,A E19R,1IAR
1030,1036,0.84,A R53Q,1IAR
1031,1037,0.15,A K77A,1IAR
1032,1038,0.61,A K77E,1IAR
1033,1039,0.13,A Q78A,1IAR
1034,1040,0.25,A Q78E,1IAR
1035,1041,0.48,A R81A,1IAR
1036,1042,1.46,A R81E,1IAR
1037,1043,-0.09,A F82A,1IAR
1038,1044,-0.58,A F82D,1IAR
1039,1045,0.35,A K84A,1IAR
1040,1046,1.88,A K84D,1IAR
1041,1047,0.43,A R85A,1IAR
1042,1048,1.22,A R85E,1IAR
1043,1049,2.83,A R88Q,1IAR
1044,1050,3.75,A R88A,1IAR
1045,1051,1.56,A N89A,1IAR
1046,1052,0.73,A W91A,1IAR
1047,1053,1.31,A W91D,1IAR
1048,1054,0.9,B H8A,1A4Y
1049,1055,0.3,B Q12A,1A4Y
1050,1056,0.12,B N68A,1A4Y
1051,1057,-0.32,B E108A,1A4Y
1052,1058,3.26,A Y434A,1A4Y
1053,1059,3.48,A D435A,1A4Y
1054,1060,0.82,A Y437A,1A4Y
1055,1061,5.95,I Y430A,1DFJ
1056,1062,3.66,I D431A,1DFJ
1057,1063,2.62,I Y433A,1DFJ
1058,1064,0.02,A E291Q,2PCB
1059,1065,0.54,A E32Q,2PCB
1060,1066,0.69,A E35Q,2PCB
1061,1067,0.79,A A193F,2PCB
1062,1068,0.9,A D34N,2PCB
1063,1069,0.91,A E290N,2PCB
1064,1070,0.91,D P485A,1AK4
1065,1071,0.82,D V486A,1AK4
1066,1072,0.84,D H487A,1AK4
1067,1073,0.8,D H487Q,1AK4
1068,1074,1.47,D H487R,1AK4
1069,1075,0.6,D A488V,1AK4
1070,1076,2.48,D A488G,1AK4
1071,1077,1.91,D G489A,1AK4
1072,1078,2.86,D G489V,1AK4
1073,1079,2,D P490A,1AK4
1074,1080,0.07,D I491A,1AK4
1075,1081,-0.17,D I491V,1AK4
1076,1082,0.41,D A492G,1AK4
1077,1083,0.19,D A492V,1AK4
1078,1084,0.51,D P493A,1AK4
1079,1085,1.09,A N26H,1E96
1080,1086,2.01,A I33N,1E96
1081,1087,2.16,A D38N,1E96
1082,1088,0.36,A M45T,1E96
1083,1089,-0.19,A K132E,1E96
1084,1090,-0.13,A L134R,1E96
1085,1091,-0.03,I T14V,1JRH
1086,1092,-0.03,I T19L;I E21K,1JRH
1087,1093,-0.21,I I28V;I M25L,1JRH
1088,1094,0.14,I P37S;I V41I;I I35N;I V39T,1JRH
1089,1095,0.1,I E45Q,1JRH
1090,1096,0.07,I I61T;I H65D;I A59S,1JRH
1091,1097,2.96,I N79V;I G75M;I S78D;I L81A;I D76Y;I S71Y;I H73Q;I D72E;I V74I,1JRH
1092,1098,-0.21,I V83A;I R88K,1JRH
1093,1099,-0.05,I K98R;I E100K;I A95D,1JRH
1094,1100,0.63,I V104M;I A103L,1JRH
1095,1101,0.92,A C23A,1EMV
1096,1102,0.14,A N24A,1EMV
1097,1103,0.34,A D26A,1EMV
1098,1104,0.73,A T27A,1EMV
1099,1105,0.17,A S28A,1EMV
1100,1106,0.96,A S29A,1EMV
1101,1107,1.42,A E30A,1EMV
1102,1108,0.31,A E31A,1EMV
1103,1109,0.22,A E32A,1EMV
1104,1110,3.42,A L33A,1EMV
1105,1111,2.58,A V34A,1EMV
1106,1112,0.19,A K35A,1EMV
1107,1113,0.91,A L36A,1EMV
1108,1114,1.66,A V37A,1EMV
1109,1115,0.9,A T38A,1EMV
1110,1116,2.08,A E41A,1EMV
1111,1117,0.66,A E42A,1EMV
1112,1118,0.3,A T44A,1EMV
1113,1119,0.21,A E45A,1EMV
1114,1120,0.83,A H46A,1EMV
1115,1121,0.44,A P47A,1EMV
1116,1122,0.01,A S48A,1EMV
1117,1123,1.49,A G49A,1EMV
1118,1124,2.19,A S50A,1EMV
1119,1125,5.92,A D51A,1EMV
1120,1126,0.6,A L52A,1EMV
1121,1127,0.85,A I53A,1EMV
1122,1128,4.83,A Y54A,1EMV
1123,1129,4.64,A Y55A,1EMV
1124,1130,1.24,A P56A,1EMV
1125,1131,0.51,A D60A,1EMV
1126,1132,0.87,A S63A,1EMV
1127,1133,1.86,A V68A,1EMV
1128,1134,0.28,A N69A,1EMV
1129,1137,1.18,C D150A;C K149A,1AHW
1130,1138,-1.89,C Y157A,1AHW
1131,1139,-1.33,C K165A;C K166A,1AHW
1132,1140,-0.07,C T167A,1AHW
1133,1141,1.11,C T170A,1AHW
1134,1142,0.99,C L176A,1AHW
1135,1143,-0.48,C D178A,1AHW
1136,1144,1.35,C T197A,1AHW
1137,1145,-0.31,C V198A,1AHW
1138,1146,1.08,C N199A,1AHW
1139,1147,1.65,B T20A,1JCK
1140,1148,1.77,B Y26A,1JCK
1141,1149,1.64,B N60A,1JCK
1142,1150,2.59,B Y90A,1JCK
1143,1151,2.23,B V91A,1JCK
1144,1152,0.68,B K103A,1JCK
1145,1153,2.13,B F176A,1JCK
1146,1154,0.04,B S419A,1A22
1147,1155,0.52,B R243L,1A22
1148,1156,1,B R243M,1A22
1149,1157,2.8,H D56N,1NMB
1150,1158,2.4,H D56E,1NMB
1151,1159,1.5,H Y99A,1NMB
1152,1160,0.5,H Y100aF,1NMB
1153,1161,1.7,L Y32F,1NMB
1154,1162,0.9,L L94V,1NMB
1155,1163,0.34,C D18A,1VFB
1156,1164,0.4,C N19A,1VFB
1157,1165,0.41,C Y23A,1VFB
1158,1166,0.85,C S24A,1VFB
1159,1167,0.71,C K116A,1VFB
1160,1168,0.77,C T118A,1VFB
1161,1169,0.95,C D119A,1VFB
1162,1170,0.92,C V120A,1VFB
1163,1171,2.88,C Q121A,1VFB
1164,1172,1.23,C I124A,1VFB
1165,1173,1.84,C R125A,1VFB
1166,1174,0.17,C L129A,1VFB
1167,1175,1.59,C Q121A;A Y32A,1VFB
1168,1176,2.91,A Y32A;C I124A,1VFB
1169,1177,1.27,C D18A;A Y50A,1VFB
1170,1178,1.23,C D119A;A Y50A,1VFB
1171,1179,3.52,A W92A;C Q121A,1VFB
1172,1180,3.85,C I124A;A W92A,1VFB
1173,1181,3.39,C R125A;A W92A,1VFB
1174,1182,3.31,A W92A;C L129A,1VFB
1175,1183,1.59,B Y32A;C K116A,1VFB
1176,1184,2.25,C D119A;B W52A,1VFB
1177,1185,1.25,C T118A;B D54A,1VFB
1178,1186,3.37,B D100A;C S24A,1VFB
1179,1187,2.74,C D119A;B Y101F,1VFB
1180,1188,2.54,C V120A;B Y101F,1VFB
1181,1189,0,H N31Q,1NCA
1182,1190,0.41,H E96D,1NCA
1183,1191,0.71,H D97K,1NCA
1184,1192,0.54,H N98Q,1NCA
1185,1193,-3.4,A D33L,2WPT
1186,1194,-0.9,A N34V,2WPT
1187,1195,-1,A R38T,2WPT
1188,1196,0,A E39H,2WPT
1189,1197,-0.4,A R42E,2WPT
1190,1198,-2.6,A R38T;A N34V,2WPT
1191,1199,-6.4,A N34V;A D33L;A R38T,2WPT
1192,1200,-3.2,A R42E;A R38T;A N34V,2WPT
1193,1201,-3,A N34V;A R42E;A E39H;A R38T,2WPT
1194,1202,1.6,A E30A,2WPT
1195,1203,-0.1,A D33A,2WPT
1196,1204,-0.4,A N34A,2WPT
1197,1205,3.7,A V37A,2WPT
1198,1206,4.5,A E41A,2WPT
1199,1207,-0.3,A R42A,2WPT
1200,1208,2.4,A S50A,2WPT
1201,1209,2.9,A P56A,2WPT
1202,1210,3.85,I K47A,1JRH
1203,1211,0.63,I N48A,1JRH
1204,1212,0.71,I N48Q,1JRH
1205,1213,3.66,I Y49A,1JRH
1206,1214,1.03,I Y49F,1JRH
1207,1215,4.38,I G50A,1JRH
1208,1216,1.48,I V51A,1JRH
1209,1217,3.79,I K52A,1JRH
1210,1218,4.71,I N53A,1JRH
1211,1219,0.46,I S54A,1JRH
1212,1220,-0.7,I E55A,1JRH
1213,1221,0.15,I W56F,1JRH
1214,1222,0.58,I W56Y,1JRH
1215,1223,0,I N79A,1JRH
1216,1224,4.33,I W82A,1JRH
1217,1225,1.1,I W82F,1JRH
1218,1226,1.24,I W82Y,1JRH
1219,1227,1.03,I R84A,1JRH
1220,1228,0.67,I K98A,1JRH
1221,1229,-1.63,A G238S,1JTG
1222,1230,4.23,A E104K,1JTG
1223,1231,3.68,A G238S;B F142A,1JTG
1224,1232,4.55,B F142A;A E104K,1JTG
1225,1233,-0.86,A N32G,1MLC
1226,1234,0,A N32Y,1MLC
1227,1235,-0.49,B S57V,1MLC
1228,1236,-0.37,B S57A,1MLC
1229,1237,-0.56,B T58D,1MLC
1230,1238,-1.25,A N92A,1MLC
1231,1239,0.53,B T31V,1MLC
1232,1240,0.45,B T31A,1MLC
1233,1241,0.13,B T31W,1MLC
1234,1242,-0.15,B T28D,1MLC
1235,1243,0.02,B K65D,1MLC
1236,1244,-0.99,B T58D;B S57V,1MLC
1237,1245,-0.69,A N32G;A N92A,1MLC
1238,1246,-1.74,A N92A;B T58D;A N32G;B S57V,1MLC
1239,1247,-2.4,A N92A;B T58D;B S57V,1MLC
1240,1248,-2.74,B T58D;A N92A;B T28D;B S57V,1MLC
